Title,Company,Location,Link
Front End Software Engineer,"JPMorgan Chase Bank, N.A.","Plano, TX",https://stackoverflow.com/jobs/502810
"Node, Redux & React developer, 2+ years experience, Series A start up!",EduMe Ltd,"London, UK",https://stackoverflow.com/jobs/459610
Software Engineering,"JPMorgan Chase Bank, N.A.","Mumbai, India",https://stackoverflow.com/jobs/502823
CT-RDT-Client-Java Developer- Mumbai,"JPMorgan Chase Bank, N.A.","Mumbai, India",https://stackoverflow.com/jobs/502818
Full Stack Lead Engineer - Java/Cloud/React- VP - Asset Management,"JPMorgan Chase Bank, N.A.","London, UK",https://stackoverflow.com/jobs/502817
Software Engineer,"JPMorgan Chase Bank, N.A.","Plano, TX",https://stackoverflow.com/jobs/502811
Java/JavaScript Software Engineer Lead,"JPMorgan Chase Bank, N.A.","Plano, TX",https://stackoverflow.com/jobs/502809
Software Engineering,"JPMorgan Chase Bank, N.A.","Houston, TX",https://stackoverflow.com/jobs/502799
Full Stack Java Software Engineer,"JPMorgan Chase Bank, N.A.","Chicago, IL",https://stackoverflow.com/jobs/502782
Full stack developer - Java/Angular,"JPMorgan Chase Bank, N.A.","Hyderabad, India",https://stackoverflow.com/jobs/502777
Full stack developer - Java/Angular,"JPMorgan Chase Bank, N.A.","Hyderabad, India",https://stackoverflow.com/jobs/502776
Java Software Engineer,"JPMorgan Chase Bank, N.A.","Jersey City, NJ",https://stackoverflow.com/jobs/502765
Senior Software Engineer - Full Stack Java Cloud,"JPMorgan Chase Bank, N.A.","Houston, TX",https://stackoverflow.com/jobs/502757
Full Stack Java/J2EE Software Engineer,"JPMorgan Chase Bank, N.A.","Wilmington, DE",https://stackoverflow.com/jobs/502745
"Java, React JS Software Engineer","JPMorgan Chase Bank, N.A.","Jersey City, NJ",https://stackoverflow.com/jobs/502731
Java Software Engineer Lead,"JPMorgan Chase Bank, N.A.","Plano, TX",https://stackoverflow.com/jobs/502729
Software Engineering,"JPMorgan Chase Bank, N.A.","Wilmington, DE",https://stackoverflow.com/jobs/502718
Software Engineering,"JPMorgan Chase Bank, N.A.","Jersey City, NJ",https://stackoverflow.com/jobs/502711
Sr. Full Stack Java/React developer -Software Engineer VP,"JPMorgan Chase Bank, N.A.","Jersey City, NJ",https://stackoverflow.com/jobs/502704
"APAC Core Banking Technology Database Developer, Associate","JPMorgan Chase Bank, N.A.",Singapore,https://stackoverflow.com/jobs/502700
"Full Stack Junior Java Developer, Analyst","JPMorgan Chase Bank, N.A.",Singapore,https://stackoverflow.com/jobs/502698
"Full Stack Developer, Digital Post Trade Technology, Associate","JPMorgan Chase Bank, N.A.",Singapore,https://stackoverflow.com/jobs/502689
Software Engineering,"JPMorgan Chase Bank, N.A.","Houston, TX",https://stackoverflow.com/jobs/502681
Software Engineering,"JPMorgan Chase Bank, N.A.","Wilmington, DE",https://stackoverflow.com/jobs/502677
Software Engineering,"JPMorgan Chase Bank, N.A.","Mumbai, India",https://stackoverflow.com/jobs/502662
